filename,label,prediccion,acierto
blues.00023.0.wav,blues,blues,True
blues.00023.1.wav,blues,blues,True
blues.00023.2.wav,blues,jazz,False
blues.00023.3.wav,blues,jazz,False
blues.00023.4.wav,blues,jazz,False
blues.00023.5.wav,blues,jazz,False
blues.00023.6.wav,blues,blues,True
blues.00023.7.wav,blues,jazz,False
blues.00023.8.wav,blues,jazz,False
blues.00023.9.wav,blues,blues,True
blues.00030.0.wav,blues,blues,True
blues.00030.1.wav,blues,blues,True
blues.00030.2.wav,blues,blues,True
blues.00030.3.wav,blues,blues,True
blues.00030.4.wav,blues,blues,True
blues.00030.5.wav,blues,blues,True
blues.00030.6.wav,blues,blues,True
blues.00030.7.wav,blues,blues,True
blues.00030.8.wav,blues,blues,True
blues.00030.9.wav,blues,blues,True
blues.00039.0.wav,blues,blues,True
blues.00039.1.wav,blues,blues,True
blues.00039.2.wav,blues,disco,False
blues.00039.3.wav,blues,blues,True
blues.00039.4.wav,blues,blues,True
blues.00039.5.wav,blues,blues,True
blues.00039.6.wav,blues,reggae,False
blues.00039.7.wav,blues,blues,True
blues.00039.8.wav,blues,blues,True
blues.00039.9.wav,blues,blues,True
blues.00044.0.wav,blues,blues,True
blues.00044.1.wav,blues,blues,True
blues.00044.2.wav,blues,blues,True
blues.00044.3.wav,blues,blues,True
blues.00044.4.wav,blues,blues,True
blues.00044.5.wav,blues,blues,True
blues.00044.6.wav,blues,blues,True
blues.00044.7.wav,blues,blues,True
blues.00044.8.wav,blues,blues,True
blues.00044.9.wav,blues,blues,True
blues.00049.0.wav,blues,blues,True
blues.00049.1.wav,blues,rock,False
blues.00049.2.wav,blues,rock,False
blues.00049.3.wav,blues,rock,False
blues.00049.4.wav,blues,rock,False
blues.00049.5.wav,blues,blues,True
blues.00049.6.wav,blues,rock,False
blues.00049.7.wav,blues,rock,False
blues.00049.8.wav,blues,blues,True
blues.00049.9.wav,blues,jazz,False
blues.00059.0.wav,blues,blues,True
blues.00059.1.wav,blues,blues,True
blues.00059.2.wav,blues,blues,True
blues.00059.3.wav,blues,blues,True
blues.00059.4.wav,blues,blues,True
blues.00059.5.wav,blues,blues,True
blues.00059.6.wav,blues,blues,True
blues.00059.7.wav,blues,blues,True
blues.00059.8.wav,blues,blues,True
blues.00059.9.wav,blues,blues,True
blues.00060.0.wav,blues,blues,True
blues.00060.1.wav,blues,blues,True
blues.00060.2.wav,blues,metal,False
blues.00060.3.wav,blues,blues,True
blues.00060.4.wav,blues,blues,True
blues.00060.5.wav,blues,blues,True
blues.00060.6.wav,blues,blues,True
blues.00060.7.wav,blues,blues,True
blues.00060.8.wav,blues,blues,True
blues.00060.9.wav,blues,blues,True
blues.00063.0.wav,blues,blues,True
blues.00063.1.wav,blues,blues,True
blues.00063.2.wav,blues,hiphop,False
blues.00063.3.wav,blues,metal,False
blues.00063.4.wav,blues,blues,True
blues.00063.5.wav,blues,blues,True
blues.00063.6.wav,blues,rock,False
blues.00063.7.wav,blues,metal,False
blues.00063.8.wav,blues,rock,False
blues.00063.9.wav,blues,rock,False
blues.00065.0.wav,blues,rock,False
blues.00065.1.wav,blues,blues,True
blues.00065.2.wav,blues,rock,False
blues.00065.3.wav,blues,rock,False
blues.00065.4.wav,blues,rock,False
blues.00065.5.wav,blues,blues,True
blues.00065.6.wav,blues,rock,False
blues.00065.7.wav,blues,blues,True
blues.00065.8.wav,blues,blues,True
blues.00065.9.wav,blues,rock,False
blues.00066.0.wav,blues,rock,False
blues.00066.1.wav,blues,reggae,False
blues.00066.2.wav,blues,country,False
blues.00066.3.wav,blues,country,False
blues.00066.4.wav,blues,hiphop,False
blues.00066.5.wav,blues,hiphop,False
blues.00066.6.wav,blues,blues,True
blues.00066.7.wav,blues,rock,False
blues.00066.8.wav,blues,blues,True
blues.00066.9.wav,blues,blues,True
blues.00067.0.wav,blues,metal,False
blues.00067.1.wav,blues,metal,False
blues.00067.2.wav,blues,country,False
blues.00067.3.wav,blues,blues,True
blues.00067.4.wav,blues,blues,True
blues.00067.5.wav,blues,country,False
blues.00067.6.wav,blues,metal,False
blues.00067.7.wav,blues,metal,False
blues.00067.8.wav,blues,metal,False
blues.00067.9.wav,blues,blues,True
blues.00070.0.wav,blues,country,False
blues.00070.1.wav,blues,country,False
blues.00070.2.wav,blues,rock,False
blues.00070.3.wav,blues,blues,True
blues.00070.4.wav,blues,country,False
blues.00070.5.wav,blues,country,False
blues.00070.6.wav,blues,country,False
blues.00070.7.wav,blues,rock,False
blues.00070.8.wav,blues,reggae,False
blues.00070.9.wav,blues,country,False
blues.00072.0.wav,blues,metal,False
blues.00072.1.wav,blues,blues,True
blues.00072.2.wav,blues,blues,True
blues.00072.3.wav,blues,metal,False
blues.00072.4.wav,blues,blues,True
blues.00072.5.wav,blues,blues,True
blues.00072.6.wav,blues,blues,True
blues.00072.7.wav,blues,blues,True
blues.00072.8.wav,blues,blues,True
blues.00072.9.wav,blues,blues,True
blues.00076.0.wav,blues,classical,False
blues.00076.1.wav,blues,blues,True
blues.00076.2.wav,blues,classical,False
blues.00076.3.wav,blues,rock,False
blues.00076.4.wav,blues,classical,False
blues.00076.5.wav,blues,metal,False
blues.00076.6.wav,blues,classical,False
blues.00076.7.wav,blues,classical,False
blues.00076.8.wav,blues,classical,False
blues.00076.9.wav,blues,metal,False
blues.00078.0.wav,blues,blues,True
blues.00078.1.wav,blues,blues,True
blues.00078.2.wav,blues,blues,True
blues.00078.3.wav,blues,blues,True
blues.00078.4.wav,blues,blues,True
blues.00078.5.wav,blues,blues,True
blues.00078.6.wav,blues,blues,True
blues.00078.7.wav,blues,blues,True
blues.00078.8.wav,blues,blues,True
blues.00078.9.wav,blues,blues,True
blues.00086.0.wav,blues,blues,True
blues.00086.1.wav,blues,country,False
blues.00086.2.wav,blues,blues,True
blues.00086.3.wav,blues,blues,True
blues.00086.4.wav,blues,blues,True
blues.00086.5.wav,blues,blues,True
blues.00086.6.wav,blues,blues,True
blues.00086.7.wav,blues,blues,True
blues.00086.8.wav,blues,blues,True
blues.00086.9.wav,blues,blues,True
blues.00088.0.wav,blues,blues,True
blues.00088.1.wav,blues,blues,True
blues.00088.2.wav,blues,blues,True
blues.00088.3.wav,blues,blues,True
blues.00088.4.wav,blues,rock,False
blues.00088.5.wav,blues,blues,True
blues.00088.6.wav,blues,blues,True
blues.00088.7.wav,blues,blues,True
blues.00088.8.wav,blues,blues,True
blues.00088.9.wav,blues,blues,True
blues.00096.0.wav,blues,classical,False
blues.00096.1.wav,blues,classical,False
blues.00096.2.wav,blues,jazz,False
blues.00096.3.wav,blues,classical,False
blues.00096.4.wav,blues,jazz,False
blues.00096.5.wav,blues,country,False
blues.00096.6.wav,blues,country,False
blues.00096.7.wav,blues,country,False
blues.00096.8.wav,blues,blues,True
blues.00096.9.wav,blues,blues,True
classical.00007.0.wav,classical,classical,True
classical.00007.1.wav,classical,classical,True
classical.00007.2.wav,classical,classical,True
classical.00007.3.wav,classical,classical,True
classical.00007.4.wav,classical,classical,True
classical.00007.5.wav,classical,classical,True
classical.00007.6.wav,classical,classical,True
classical.00007.7.wav,classical,classical,True
classical.00007.8.wav,classical,classical,True
classical.00007.9.wav,classical,classical,True
classical.00010.0.wav,classical,classical,True
classical.00010.1.wav,classical,classical,True
classical.00010.2.wav,classical,classical,True
classical.00010.3.wav,classical,classical,True
classical.00010.4.wav,classical,classical,True
classical.00010.5.wav,classical,classical,True
classical.00010.6.wav,classical,classical,True
classical.00010.7.wav,classical,classical,True
classical.00010.8.wav,classical,blues,False
classical.00010.9.wav,classical,classical,True
classical.00020.0.wav,classical,classical,True
classical.00020.1.wav,classical,classical,True
classical.00020.2.wav,classical,classical,True
classical.00020.3.wav,classical,classical,True
classical.00020.4.wav,classical,classical,True
classical.00020.5.wav,classical,classical,True
classical.00020.6.wav,classical,classical,True
classical.00020.7.wav,classical,classical,True
classical.00020.8.wav,classical,classical,True
classical.00020.9.wav,classical,classical,True
classical.00036.0.wav,classical,classical,True
classical.00036.1.wav,classical,classical,True
classical.00036.2.wav,classical,jazz,False
classical.00036.3.wav,classical,jazz,False
classical.00036.4.wav,classical,classical,True
classical.00036.5.wav,classical,classical,True
classical.00036.6.wav,classical,classical,True
classical.00036.7.wav,classical,classical,True
classical.00036.8.wav,classical,classical,True
classical.00036.9.wav,classical,classical,True
classical.00037.0.wav,classical,classical,True
classical.00037.1.wav,classical,pop,False
classical.00037.2.wav,classical,classical,True
classical.00037.3.wav,classical,classical,True
classical.00037.4.wav,classical,classical,True
classical.00037.5.wav,classical,classical,True
classical.00037.6.wav,classical,classical,True
classical.00037.7.wav,classical,classical,True
classical.00037.8.wav,classical,classical,True
classical.00037.9.wav,classical,classical,True
classical.00039.0.wav,classical,classical,True
classical.00039.1.wav,classical,classical,True
classical.00039.2.wav,classical,classical,True
classical.00039.3.wav,classical,classical,True
classical.00039.4.wav,classical,classical,True
classical.00039.5.wav,classical,classical,True
classical.00039.6.wav,classical,classical,True
classical.00039.7.wav,classical,classical,True
classical.00039.8.wav,classical,classical,True
classical.00039.9.wav,classical,classical,True
classical.00041.0.wav,classical,classical,True
classical.00041.1.wav,classical,classical,True
classical.00041.2.wav,classical,classical,True
classical.00041.3.wav,classical,classical,True
classical.00041.4.wav,classical,classical,True
classical.00041.5.wav,classical,classical,True
classical.00041.6.wav,classical,classical,True
classical.00041.7.wav,classical,classical,True
classical.00041.8.wav,classical,classical,True
classical.00041.9.wav,classical,classical,True
classical.00058.0.wav,classical,classical,True
classical.00058.1.wav,classical,classical,True
classical.00058.2.wav,classical,classical,True
classical.00058.3.wav,classical,classical,True
classical.00058.4.wav,classical,classical,True
classical.00058.5.wav,classical,classical,True
classical.00058.6.wav,classical,classical,True
classical.00058.7.wav,classical,classical,True
classical.00058.8.wav,classical,classical,True
classical.00058.9.wav,classical,classical,True
classical.00065.0.wav,classical,classical,True
classical.00065.1.wav,classical,classical,True
classical.00065.2.wav,classical,classical,True
classical.00065.3.wav,classical,classical,True
classical.00065.4.wav,classical,classical,True
classical.00065.5.wav,classical,classical,True
classical.00065.6.wav,classical,classical,True
classical.00065.7.wav,classical,classical,True
classical.00065.8.wav,classical,classical,True
classical.00065.9.wav,classical,classical,True
classical.00068.0.wav,classical,classical,True
classical.00068.1.wav,classical,classical,True
classical.00068.2.wav,classical,classical,True
classical.00068.3.wav,classical,classical,True
classical.00068.4.wav,classical,classical,True
classical.00068.5.wav,classical,classical,True
classical.00068.6.wav,classical,classical,True
classical.00068.7.wav,classical,classical,True
classical.00068.8.wav,classical,classical,True
classical.00068.9.wav,classical,classical,True
classical.00074.0.wav,classical,classical,True
classical.00074.1.wav,classical,classical,True
classical.00074.2.wav,classical,classical,True
classical.00074.3.wav,classical,classical,True
classical.00074.4.wav,classical,classical,True
classical.00074.5.wav,classical,classical,True
classical.00074.6.wav,classical,classical,True
classical.00074.7.wav,classical,classical,True
classical.00074.8.wav,classical,classical,True
classical.00074.9.wav,classical,classical,True
classical.00084.0.wav,classical,classical,True
classical.00084.1.wav,classical,classical,True
classical.00084.2.wav,classical,classical,True
classical.00084.3.wav,classical,classical,True
classical.00084.4.wav,classical,classical,True
classical.00084.5.wav,classical,classical,True
classical.00084.6.wav,classical,classical,True
classical.00084.7.wav,classical,classical,True
classical.00084.8.wav,classical,classical,True
classical.00084.9.wav,classical,classical,True
classical.00098.0.wav,classical,classical,True
classical.00098.1.wav,classical,classical,True
classical.00098.2.wav,classical,classical,True
classical.00098.3.wav,classical,classical,True
classical.00098.4.wav,classical,classical,True
classical.00098.5.wav,classical,classical,True
classical.00098.6.wav,classical,classical,True
classical.00098.7.wav,classical,classical,True
classical.00098.8.wav,classical,classical,True
classical.00098.9.wav,classical,classical,True
classical.00099.0.wav,classical,classical,True
classical.00099.1.wav,classical,classical,True
classical.00099.2.wav,classical,classical,True
classical.00099.3.wav,classical,classical,True
classical.00099.4.wav,classical,classical,True
classical.00099.5.wav,classical,classical,True
classical.00099.6.wav,classical,jazz,False
classical.00099.7.wav,classical,classical,True
classical.00099.8.wav,classical,classical,True
classical.00099.9.wav,classical,classical,True
country.00009.0.wav,country,pop,False
country.00009.1.wav,country,disco,False
country.00009.2.wav,country,pop,False
country.00009.3.wav,country,country,True
country.00009.4.wav,country,country,True
country.00009.5.wav,country,country,True
country.00009.6.wav,country,country,True
country.00009.7.wav,country,country,True
country.00009.8.wav,country,jazz,False
country.00009.9.wav,country,country,True
country.00010.0.wav,country,country,True
country.00010.1.wav,country,country,True
country.00010.2.wav,country,country,True
country.00010.3.wav,country,country,True
country.00010.4.wav,country,country,True
country.00010.5.wav,country,country,True
country.00010.6.wav,country,country,True
country.00010.7.wav,country,country,True
country.00010.8.wav,country,country,True
country.00010.9.wav,country,country,True
country.00013.0.wav,country,pop,False
country.00013.1.wav,country,country,True
country.00013.2.wav,country,rock,False
country.00013.3.wav,country,country,True
country.00013.4.wav,country,pop,False
country.00013.5.wav,country,country,True
country.00013.6.wav,country,country,True
country.00013.7.wav,country,disco,False
country.00013.8.wav,country,country,True
country.00013.9.wav,country,disco,False
country.00015.0.wav,country,country,True
country.00015.1.wav,country,country,True
country.00015.2.wav,country,classical,False
country.00015.3.wav,country,jazz,False
country.00015.4.wav,country,jazz,False
country.00015.5.wav,country,metal,False
country.00015.6.wav,country,jazz,False
country.00015.7.wav,country,country,True
country.00015.8.wav,country,jazz,False
country.00015.9.wav,country,country,True
country.00018.0.wav,country,country,True
country.00018.1.wav,country,country,True
country.00018.2.wav,country,country,True
country.00018.3.wav,country,country,True
country.00018.4.wav,country,country,True
country.00018.5.wav,country,country,True
country.00018.6.wav,country,country,True
country.00018.7.wav,country,country,True
country.00018.8.wav,country,country,True
country.00018.9.wav,country,pop,False
country.00031.0.wav,country,country,True
country.00031.1.wav,country,jazz,False
country.00031.2.wav,country,country,True
country.00031.3.wav,country,country,True
country.00031.4.wav,country,jazz,False
country.00031.5.wav,country,jazz,False
country.00031.6.wav,country,country,True
country.00031.7.wav,country,jazz,False
country.00031.8.wav,country,jazz,False
country.00031.9.wav,country,jazz,False
country.00035.0.wav,country,country,True
country.00035.1.wav,country,country,True
country.00035.2.wav,country,country,True
country.00035.3.wav,country,country,True
country.00035.4.wav,country,country,True
country.00035.5.wav,country,country,True
country.00035.6.wav,country,country,True
country.00035.7.wav,country,country,True
country.00035.8.wav,country,country,True
country.00035.9.wav,country,country,True
country.00044.0.wav,country,country,True
country.00044.1.wav,country,pop,False
country.00044.2.wav,country,rock,False
country.00044.3.wav,country,country,True
country.00044.4.wav,country,jazz,False
country.00044.5.wav,country,country,True
country.00044.6.wav,country,rock,False
country.00044.7.wav,country,rock,False
country.00044.8.wav,country,rock,False
country.00044.9.wav,country,country,True
country.00054.0.wav,country,country,True
country.00054.1.wav,country,country,True
country.00054.2.wav,country,country,True
country.00054.3.wav,country,country,True
country.00054.4.wav,country,country,True
country.00054.5.wav,country,country,True
country.00054.6.wav,country,country,True
country.00054.7.wav,country,country,True
country.00054.8.wav,country,country,True
country.00054.9.wav,country,country,True
country.00059.0.wav,country,country,True
country.00059.1.wav,country,blues,False
country.00059.2.wav,country,blues,False
country.00059.3.wav,country,blues,False
country.00059.4.wav,country,blues,False
country.00059.5.wav,country,blues,False
country.00059.6.wav,country,blues,False
country.00059.7.wav,country,country,True
country.00059.8.wav,country,country,True
country.00059.9.wav,country,country,True
country.00060.0.wav,country,country,True
country.00060.1.wav,country,country,True
country.00060.2.wav,country,country,True
country.00060.3.wav,country,country,True
country.00060.4.wav,country,country,True
country.00060.5.wav,country,country,True
country.00060.6.wav,country,country,True
country.00060.7.wav,country,country,True
country.00060.8.wav,country,country,True
country.00060.9.wav,country,country,True
country.00061.0.wav,country,country,True
country.00061.1.wav,country,country,True
country.00061.2.wav,country,country,True
country.00061.3.wav,country,country,True
country.00061.4.wav,country,country,True
country.00061.5.wav,country,country,True
country.00061.6.wav,country,country,True
country.00061.7.wav,country,country,True
country.00061.8.wav,country,country,True
country.00061.9.wav,country,country,True
country.00075.0.wav,country,blues,False
country.00075.1.wav,country,blues,False
country.00075.2.wav,country,blues,False
country.00075.3.wav,country,blues,False
country.00075.4.wav,country,blues,False
country.00075.5.wav,country,blues,False
country.00075.6.wav,country,blues,False
country.00075.7.wav,country,blues,False
country.00075.8.wav,country,blues,False
country.00075.9.wav,country,blues,False
country.00077.0.wav,country,country,True
country.00077.1.wav,country,country,True
country.00077.2.wav,country,country,True
country.00077.3.wav,country,country,True
country.00077.4.wav,country,country,True
country.00077.5.wav,country,country,True
country.00077.6.wav,country,country,True
country.00077.7.wav,country,country,True
country.00077.8.wav,country,country,True
country.00077.9.wav,country,country,True
country.00080.0.wav,country,disco,False
country.00080.1.wav,country,rock,False
country.00080.2.wav,country,country,True
country.00080.3.wav,country,disco,False
country.00080.4.wav,country,country,True
country.00080.5.wav,country,disco,False
country.00080.6.wav,country,disco,False
country.00080.7.wav,country,disco,False
country.00080.8.wav,country,disco,False
country.00080.9.wav,country,disco,False
country.00086.0.wav,country,country,True
country.00086.1.wav,country,country,True
country.00086.2.wav,country,country,True
country.00086.3.wav,country,country,True
country.00086.4.wav,country,blues,False
country.00086.5.wav,country,reggae,False
country.00086.6.wav,country,country,True
country.00086.7.wav,country,country,True
country.00086.8.wav,country,country,True
country.00086.9.wav,country,country,True
country.00090.0.wav,country,country,True
country.00090.1.wav,country,country,True
country.00090.2.wav,country,country,True
country.00090.3.wav,country,country,True
country.00090.4.wav,country,blues,False
country.00090.5.wav,country,country,True
country.00090.6.wav,country,blues,False
country.00090.7.wav,country,country,True
country.00090.8.wav,country,country,True
country.00090.9.wav,country,country,True
country.00092.0.wav,country,metal,False
country.00092.1.wav,country,metal,False
country.00092.2.wav,country,metal,False
country.00092.3.wav,country,blues,False
country.00092.4.wav,country,blues,False
country.00092.5.wav,country,metal,False
country.00092.6.wav,country,metal,False
country.00092.7.wav,country,blues,False
country.00092.8.wav,country,metal,False
country.00092.9.wav,country,metal,False
country.00094.0.wav,country,country,True
country.00094.1.wav,country,blues,False
country.00094.2.wav,country,country,True
country.00094.3.wav,country,country,True
country.00094.4.wav,country,blues,False
country.00094.5.wav,country,country,True
country.00094.6.wav,country,country,True
country.00094.7.wav,country,country,True
country.00094.8.wav,country,country,True
country.00094.9.wav,country,rock,False
country.00096.0.wav,country,rock,False
country.00096.1.wav,country,country,True
country.00096.2.wav,country,country,True
country.00096.3.wav,country,country,True
country.00096.4.wav,country,country,True
country.00096.5.wav,country,rock,False
country.00096.6.wav,country,rock,False
country.00096.7.wav,country,rock,False
country.00096.8.wav,country,rock,False
country.00096.9.wav,country,rock,False
country.00098.0.wav,country,jazz,False
country.00098.1.wav,country,country,True
country.00098.2.wav,country,country,True
country.00098.3.wav,country,blues,False
country.00098.4.wav,country,country,True
country.00098.5.wav,country,country,True
country.00098.6.wav,country,blues,False
country.00098.7.wav,country,country,True
country.00098.8.wav,country,blues,False
country.00098.9.wav,country,country,True
country.00099.0.wav,country,country,True
country.00099.1.wav,country,country,True
country.00099.2.wav,country,rock,False
country.00099.3.wav,country,rock,False
country.00099.4.wav,country,blues,False
country.00099.5.wav,country,country,True
country.00099.6.wav,country,blues,False
country.00099.7.wav,country,blues,False
country.00099.8.wav,country,blues,False
country.00099.9.wav,country,country,True
disco.00006.0.wav,disco,disco,True
disco.00006.1.wav,disco,disco,True
disco.00006.2.wav,disco,disco,True
disco.00006.3.wav,disco,rock,False
disco.00006.4.wav,disco,disco,True
disco.00006.5.wav,disco,disco,True
disco.00006.6.wav,disco,disco,True
disco.00006.7.wav,disco,metal,False
disco.00006.8.wav,disco,disco,True
disco.00006.9.wav,disco,disco,True
disco.00007.0.wav,disco,disco,True
disco.00007.1.wav,disco,disco,True
disco.00007.2.wav,disco,disco,True
disco.00007.3.wav,disco,disco,True
disco.00007.4.wav,disco,disco,True
disco.00007.5.wav,disco,disco,True
disco.00007.6.wav,disco,disco,True
disco.00007.7.wav,disco,disco,True
disco.00007.8.wav,disco,disco,True
disco.00007.9.wav,disco,disco,True
disco.00009.0.wav,disco,disco,True
disco.00009.1.wav,disco,disco,True
disco.00009.2.wav,disco,disco,True
disco.00009.3.wav,disco,disco,True
disco.00009.4.wav,disco,disco,True
disco.00009.5.wav,disco,disco,True
disco.00009.6.wav,disco,disco,True
disco.00009.7.wav,disco,disco,True
disco.00009.8.wav,disco,disco,True
disco.00009.9.wav,disco,disco,True
disco.00010.0.wav,disco,pop,False
disco.00010.1.wav,disco,disco,True
disco.00010.2.wav,disco,disco,True
disco.00010.3.wav,disco,disco,True
disco.00010.4.wav,disco,disco,True
disco.00010.5.wav,disco,disco,True
disco.00010.6.wav,disco,disco,True
disco.00010.7.wav,disco,country,False
disco.00010.8.wav,disco,disco,True
disco.00010.9.wav,disco,disco,True
disco.00018.0.wav,disco,disco,True
disco.00018.1.wav,disco,reggae,False
disco.00018.2.wav,disco,disco,True
disco.00018.3.wav,disco,pop,False
disco.00018.4.wav,disco,pop,False
disco.00018.5.wav,disco,disco,True
disco.00018.6.wav,disco,pop,False
disco.00018.7.wav,disco,disco,True
disco.00018.8.wav,disco,hiphop,False
disco.00018.9.wav,disco,disco,True
disco.00021.0.wav,disco,disco,True
disco.00021.1.wav,disco,rock,False
disco.00021.2.wav,disco,disco,True
disco.00021.3.wav,disco,disco,True
disco.00021.4.wav,disco,disco,True
disco.00021.5.wav,disco,jazz,False
disco.00021.6.wav,disco,pop,False
disco.00021.7.wav,disco,disco,True
disco.00021.8.wav,disco,pop,False
disco.00021.9.wav,disco,hiphop,False
disco.00027.0.wav,disco,reggae,False
disco.00027.1.wav,disco,reggae,False
disco.00027.2.wav,disco,hiphop,False
disco.00027.3.wav,disco,hiphop,False
disco.00027.4.wav,disco,hiphop,False
disco.00027.5.wav,disco,hiphop,False
disco.00027.6.wav,disco,reggae,False
disco.00027.7.wav,disco,hiphop,False
disco.00027.8.wav,disco,hiphop,False
disco.00027.9.wav,disco,hiphop,False
disco.00031.0.wav,disco,rock,False
disco.00031.1.wav,disco,rock,False
disco.00031.2.wav,disco,disco,True
disco.00031.3.wav,disco,disco,True
disco.00031.4.wav,disco,disco,True
disco.00031.5.wav,disco,rock,False
disco.00031.6.wav,disco,disco,True
disco.00031.7.wav,disco,rock,False
disco.00031.8.wav,disco,disco,True
disco.00031.9.wav,disco,disco,True
disco.00032.0.wav,disco,disco,True
disco.00032.1.wav,disco,disco,True
disco.00032.2.wav,disco,disco,True
disco.00032.3.wav,disco,disco,True
disco.00032.4.wav,disco,disco,True
disco.00032.5.wav,disco,disco,True
disco.00032.6.wav,disco,pop,False
disco.00032.7.wav,disco,disco,True
disco.00032.8.wav,disco,reggae,False
disco.00032.9.wav,disco,pop,False
disco.00034.0.wav,disco,country,False
disco.00034.1.wav,disco,disco,True
disco.00034.2.wav,disco,disco,True
disco.00034.3.wav,disco,disco,True
disco.00034.4.wav,disco,disco,True
disco.00034.5.wav,disco,disco,True
disco.00034.6.wav,disco,disco,True
disco.00034.7.wav,disco,disco,True
disco.00034.8.wav,disco,rock,False
disco.00034.9.wav,disco,rock,False
disco.00044.0.wav,disco,disco,True
disco.00044.1.wav,disco,pop,False
disco.00044.2.wav,disco,disco,True
disco.00044.3.wav,disco,pop,False
disco.00044.4.wav,disco,disco,True
disco.00044.5.wav,disco,disco,True
disco.00044.6.wav,disco,disco,True
disco.00044.7.wav,disco,disco,True
disco.00044.8.wav,disco,disco,True
disco.00044.9.wav,disco,disco,True
disco.00051.0.wav,disco,disco,True
disco.00051.1.wav,disco,disco,True
disco.00051.2.wav,disco,disco,True
disco.00051.3.wav,disco,disco,True
disco.00051.4.wav,disco,disco,True
disco.00051.5.wav,disco,disco,True
disco.00051.6.wav,disco,disco,True
disco.00051.7.wav,disco,disco,True
disco.00051.8.wav,disco,disco,True
disco.00051.9.wav,disco,disco,True
disco.00052.0.wav,disco,rock,False
disco.00052.1.wav,disco,disco,True
disco.00052.2.wav,disco,rock,False
disco.00052.3.wav,disco,blues,False
disco.00052.4.wav,disco,rock,False
disco.00052.5.wav,disco,rock,False
disco.00052.6.wav,disco,blues,False
disco.00052.7.wav,disco,rock,False
disco.00052.8.wav,disco,rock,False
disco.00052.9.wav,disco,blues,False
disco.00057.0.wav,disco,reggae,False
disco.00057.1.wav,disco,rock,False
disco.00057.2.wav,disco,rock,False
disco.00057.3.wav,disco,rock,False
disco.00057.4.wav,disco,rock,False
disco.00057.5.wav,disco,rock,False
disco.00057.6.wav,disco,rock,False
disco.00057.7.wav,disco,rock,False
disco.00057.8.wav,disco,rock,False
disco.00057.9.wav,disco,rock,False
disco.00059.0.wav,disco,disco,True
disco.00059.1.wav,disco,disco,True
disco.00059.2.wav,disco,disco,True
disco.00059.3.wav,disco,disco,True
disco.00059.4.wav,disco,disco,True
disco.00059.5.wav,disco,disco,True
disco.00059.6.wav,disco,disco,True
disco.00059.7.wav,disco,country,False
disco.00059.8.wav,disco,disco,True
disco.00059.9.wav,disco,disco,True
disco.00063.0.wav,disco,hiphop,False
disco.00063.1.wav,disco,hiphop,False
disco.00063.2.wav,disco,hiphop,False
disco.00063.3.wav,disco,hiphop,False
disco.00063.4.wav,disco,hiphop,False
disco.00063.5.wav,disco,hiphop,False
disco.00063.6.wav,disco,hiphop,False
disco.00063.7.wav,disco,hiphop,False
disco.00063.8.wav,disco,hiphop,False
disco.00063.9.wav,disco,hiphop,False
disco.00065.0.wav,disco,disco,True
disco.00065.1.wav,disco,disco,True
disco.00065.2.wav,disco,disco,True
disco.00065.3.wav,disco,blues,False
disco.00065.4.wav,disco,hiphop,False
disco.00065.5.wav,disco,disco,True
disco.00065.6.wav,disco,disco,True
disco.00065.7.wav,disco,disco,True
disco.00065.8.wav,disco,disco,True
disco.00065.9.wav,disco,disco,True
disco.00071.0.wav,disco,disco,True
disco.00071.1.wav,disco,disco,True
disco.00071.2.wav,disco,disco,True
disco.00071.3.wav,disco,disco,True
disco.00071.4.wav,disco,disco,True
disco.00071.5.wav,disco,disco,True
disco.00071.6.wav,disco,disco,True
disco.00071.7.wav,disco,disco,True
disco.00071.8.wav,disco,disco,True
disco.00071.9.wav,disco,disco,True
disco.00080.0.wav,disco,rock,False
disco.00080.1.wav,disco,rock,False
disco.00080.2.wav,disco,reggae,False
disco.00080.3.wav,disco,rock,False
disco.00080.4.wav,disco,rock,False
disco.00080.5.wav,disco,rock,False
disco.00080.6.wav,disco,rock,False
disco.00080.7.wav,disco,rock,False
disco.00080.8.wav,disco,rock,False
disco.00080.9.wav,disco,rock,False
disco.00082.0.wav,disco,disco,True
disco.00082.1.wav,disco,disco,True
disco.00082.2.wav,disco,disco,True
disco.00082.3.wav,disco,disco,True
disco.00082.4.wav,disco,disco,True
disco.00082.5.wav,disco,disco,True
disco.00082.6.wav,disco,disco,True
disco.00082.7.wav,disco,hiphop,False
disco.00082.8.wav,disco,disco,True
disco.00082.9.wav,disco,hiphop,False
disco.00094.0.wav,disco,hiphop,False
disco.00094.1.wav,disco,hiphop,False
disco.00094.2.wav,disco,disco,True
disco.00094.3.wav,disco,disco,True
disco.00094.4.wav,disco,disco,True
disco.00094.5.wav,disco,disco,True
disco.00094.6.wav,disco,disco,True
disco.00094.7.wav,disco,blues,False
disco.00094.8.wav,disco,blues,False
disco.00094.9.wav,disco,disco,True
hiphop.00000.0.wav,hiphop,disco,False
hiphop.00000.1.wav,hiphop,disco,False
hiphop.00000.2.wav,hiphop,disco,False
hiphop.00000.3.wav,hiphop,disco,False
hiphop.00000.4.wav,hiphop,disco,False
hiphop.00000.5.wav,hiphop,disco,False
hiphop.00000.6.wav,hiphop,disco,False
hiphop.00000.7.wav,hiphop,disco,False
hiphop.00000.8.wav,hiphop,disco,False
hiphop.00000.9.wav,hiphop,disco,False
hiphop.00006.0.wav,hiphop,hiphop,True
hiphop.00006.1.wav,hiphop,hiphop,True
hiphop.00006.2.wav,hiphop,hiphop,True
hiphop.00006.3.wav,hiphop,hiphop,True
hiphop.00006.4.wav,hiphop,hiphop,True
hiphop.00006.5.wav,hiphop,hiphop,True
hiphop.00006.6.wav,hiphop,hiphop,True
hiphop.00006.7.wav,hiphop,hiphop,True
hiphop.00006.8.wav,hiphop,hiphop,True
hiphop.00006.9.wav,hiphop,hiphop,True
hiphop.00013.0.wav,hiphop,disco,False
hiphop.00013.1.wav,hiphop,metal,False
hiphop.00013.2.wav,hiphop,disco,False
hiphop.00013.3.wav,hiphop,disco,False
hiphop.00013.4.wav,hiphop,country,False
hiphop.00013.5.wav,hiphop,country,False
hiphop.00013.6.wav,hiphop,classical,False
hiphop.00013.7.wav,hiphop,jazz,False
hiphop.00013.8.wav,hiphop,rock,False
hiphop.00013.9.wav,hiphop,metal,False
hiphop.00024.0.wav,hiphop,hiphop,True
hiphop.00024.1.wav,hiphop,hiphop,True
hiphop.00024.2.wav,hiphop,hiphop,True
hiphop.00024.3.wav,hiphop,hiphop,True
hiphop.00024.4.wav,hiphop,hiphop,True
hiphop.00024.5.wav,hiphop,hiphop,True
hiphop.00024.6.wav,hiphop,hiphop,True
hiphop.00024.7.wav,hiphop,hiphop,True
hiphop.00024.8.wav,hiphop,hiphop,True
hiphop.00024.9.wav,hiphop,hiphop,True
hiphop.00025.0.wav,hiphop,hiphop,True
hiphop.00025.1.wav,hiphop,hiphop,True
hiphop.00025.2.wav,hiphop,hiphop,True
hiphop.00025.3.wav,hiphop,hiphop,True
hiphop.00025.4.wav,hiphop,hiphop,True
hiphop.00025.5.wav,hiphop,hiphop,True
hiphop.00025.6.wav,hiphop,hiphop,True
hiphop.00025.7.wav,hiphop,hiphop,True
hiphop.00025.8.wav,hiphop,hiphop,True
hiphop.00025.9.wav,hiphop,hiphop,True
hiphop.00027.0.wav,hiphop,reggae,False
hiphop.00027.1.wav,hiphop,reggae,False
hiphop.00027.2.wav,hiphop,reggae,False
hiphop.00027.3.wav,hiphop,reggae,False
hiphop.00027.4.wav,hiphop,reggae,False
hiphop.00027.5.wav,hiphop,reggae,False
hiphop.00027.6.wav,hiphop,reggae,False
hiphop.00027.7.wav,hiphop,reggae,False
hiphop.00027.8.wav,hiphop,reggae,False
hiphop.00027.9.wav,hiphop,reggae,False
hiphop.00030.0.wav,hiphop,disco,False
hiphop.00030.1.wav,hiphop,hiphop,True
hiphop.00030.2.wav,hiphop,hiphop,True
hiphop.00030.3.wav,hiphop,disco,False
hiphop.00030.4.wav,hiphop,disco,False
hiphop.00030.5.wav,hiphop,disco,False
hiphop.00030.6.wav,hiphop,hiphop,True
hiphop.00030.7.wav,hiphop,disco,False
hiphop.00030.8.wav,hiphop,disco,False
hiphop.00030.9.wav,hiphop,disco,False
hiphop.00031.0.wav,hiphop,pop,False
hiphop.00031.1.wav,hiphop,disco,False
hiphop.00031.2.wav,hiphop,pop,False
hiphop.00031.3.wav,hiphop,pop,False
hiphop.00031.4.wav,hiphop,pop,False
hiphop.00031.5.wav,hiphop,pop,False
hiphop.00031.6.wav,hiphop,pop,False
hiphop.00031.7.wav,hiphop,pop,False
hiphop.00031.8.wav,hiphop,pop,False
hiphop.00032.0.wav,hiphop,hiphop,True
hiphop.00032.1.wav,hiphop,hiphop,True
hiphop.00032.2.wav,hiphop,hiphop,True
hiphop.00032.3.wav,hiphop,hiphop,True
hiphop.00032.4.wav,hiphop,hiphop,True
hiphop.00032.5.wav,hiphop,reggae,False
hiphop.00032.6.wav,hiphop,reggae,False
hiphop.00032.7.wav,hiphop,hiphop,True
hiphop.00032.8.wav,hiphop,hiphop,True
hiphop.00034.0.wav,hiphop,hiphop,True
hiphop.00034.1.wav,hiphop,hiphop,True
hiphop.00034.2.wav,hiphop,hiphop,True
hiphop.00034.3.wav,hiphop,disco,False
hiphop.00034.4.wav,hiphop,disco,False
hiphop.00034.5.wav,hiphop,hiphop,True
hiphop.00034.6.wav,hiphop,disco,False
hiphop.00034.7.wav,hiphop,disco,False
hiphop.00034.8.wav,hiphop,disco,False
hiphop.00034.9.wav,hiphop,disco,False
hiphop.00055.0.wav,hiphop,hiphop,True
hiphop.00055.1.wav,hiphop,reggae,False
hiphop.00055.2.wav,hiphop,reggae,False
hiphop.00055.3.wav,hiphop,reggae,False
hiphop.00055.4.wav,hiphop,hiphop,True
hiphop.00055.5.wav,hiphop,reggae,False
hiphop.00055.6.wav,hiphop,hiphop,True
hiphop.00055.7.wav,hiphop,reggae,False
hiphop.00055.8.wav,hiphop,reggae,False
hiphop.00055.9.wav,hiphop,reggae,False
hiphop.00057.0.wav,hiphop,hiphop,True
hiphop.00057.1.wav,hiphop,hiphop,True
hiphop.00057.2.wav,hiphop,hiphop,True
hiphop.00057.3.wav,hiphop,hiphop,True
hiphop.00057.4.wav,hiphop,reggae,False
hiphop.00057.5.wav,hiphop,hiphop,True
hiphop.00057.6.wav,hiphop,hiphop,True
hiphop.00057.7.wav,hiphop,hiphop,True
hiphop.00057.8.wav,hiphop,hiphop,True
hiphop.00057.9.wav,hiphop,hiphop,True
hiphop.00066.0.wav,hiphop,hiphop,True
hiphop.00066.1.wav,hiphop,reggae,False
hiphop.00066.2.wav,hiphop,hiphop,True
hiphop.00066.3.wav,hiphop,hiphop,True
hiphop.00066.4.wav,hiphop,hiphop,True
hiphop.00066.5.wav,hiphop,hiphop,True
hiphop.00066.6.wav,hiphop,hiphop,True
hiphop.00066.7.wav,hiphop,hiphop,True
hiphop.00066.8.wav,hiphop,reggae,False
hiphop.00066.9.wav,hiphop,hiphop,True
hiphop.00083.0.wav,hiphop,hiphop,True
hiphop.00083.1.wav,hiphop,hiphop,True
hiphop.00083.2.wav,hiphop,hiphop,True
hiphop.00083.3.wav,hiphop,disco,False
hiphop.00083.4.wav,hiphop,hiphop,True
hiphop.00083.5.wav,hiphop,disco,False
hiphop.00083.6.wav,hiphop,hiphop,True
hiphop.00083.7.wav,hiphop,hiphop,True
hiphop.00083.8.wav,hiphop,hiphop,True
hiphop.00083.9.wav,hiphop,hiphop,True
hiphop.00084.0.wav,hiphop,reggae,False
hiphop.00084.1.wav,hiphop,reggae,False
hiphop.00084.2.wav,hiphop,reggae,False
hiphop.00084.3.wav,hiphop,hiphop,True
hiphop.00084.4.wav,hiphop,hiphop,True
hiphop.00084.5.wav,hiphop,hiphop,True
hiphop.00084.6.wav,hiphop,hiphop,True
hiphop.00084.7.wav,hiphop,hiphop,True
hiphop.00084.8.wav,hiphop,reggae,False
hiphop.00084.9.wav,hiphop,reggae,False
hiphop.00087.0.wav,hiphop,hiphop,True
hiphop.00087.1.wav,hiphop,hiphop,True
hiphop.00087.2.wav,hiphop,hiphop,True
hiphop.00087.3.wav,hiphop,hiphop,True
hiphop.00087.4.wav,hiphop,hiphop,True
hiphop.00087.5.wav,hiphop,hiphop,True
hiphop.00087.6.wav,hiphop,hiphop,True
hiphop.00087.7.wav,hiphop,hiphop,True
hiphop.00087.8.wav,hiphop,hiphop,True
hiphop.00087.9.wav,hiphop,hiphop,True
hiphop.00091.0.wav,hiphop,hiphop,True
hiphop.00091.1.wav,hiphop,hiphop,True
hiphop.00091.2.wav,hiphop,hiphop,True
hiphop.00091.3.wav,hiphop,hiphop,True
hiphop.00091.4.wav,hiphop,hiphop,True
hiphop.00091.5.wav,hiphop,hiphop,True
hiphop.00091.6.wav,hiphop,hiphop,True
hiphop.00091.7.wav,hiphop,hiphop,True
hiphop.00091.8.wav,hiphop,hiphop,True
hiphop.00091.9.wav,hiphop,hiphop,True
jazz.00003.0.wav,jazz,jazz,True
jazz.00003.1.wav,jazz,jazz,True
jazz.00003.2.wav,jazz,classical,False
jazz.00003.3.wav,jazz,classical,False
jazz.00003.4.wav,jazz,jazz,True
jazz.00003.5.wav,jazz,jazz,True
jazz.00003.6.wav,jazz,classical,False
jazz.00003.7.wav,jazz,classical,False
jazz.00003.8.wav,jazz,classical,False
jazz.00003.9.wav,jazz,classical,False
jazz.00012.0.wav,jazz,jazz,True
jazz.00012.1.wav,jazz,jazz,True
jazz.00012.2.wav,jazz,jazz,True
jazz.00012.3.wav,jazz,jazz,True
jazz.00012.4.wav,jazz,jazz,True
jazz.00012.5.wav,jazz,jazz,True
jazz.00012.6.wav,jazz,jazz,True
jazz.00012.7.wav,jazz,jazz,True
jazz.00012.8.wav,jazz,jazz,True
jazz.00012.9.wav,jazz,jazz,True
jazz.00013.0.wav,jazz,jazz,True
jazz.00013.1.wav,jazz,jazz,True
jazz.00013.2.wav,jazz,jazz,True
jazz.00013.3.wav,jazz,jazz,True
jazz.00013.4.wav,jazz,country,False
jazz.00013.5.wav,jazz,country,False
jazz.00013.6.wav,jazz,country,False
jazz.00013.7.wav,jazz,country,False
jazz.00013.8.wav,jazz,country,False
jazz.00013.9.wav,jazz,jazz,True
jazz.00024.0.wav,jazz,jazz,True
jazz.00024.1.wav,jazz,jazz,True
jazz.00024.2.wav,jazz,jazz,True
jazz.00024.3.wav,jazz,jazz,True
jazz.00024.4.wav,jazz,jazz,True
jazz.00024.5.wav,jazz,jazz,True
jazz.00024.6.wav,jazz,disco,False
jazz.00024.7.wav,jazz,jazz,True
jazz.00024.8.wav,jazz,jazz,True
jazz.00024.9.wav,jazz,jazz,True
jazz.00025.0.wav,jazz,jazz,True
jazz.00025.1.wav,jazz,jazz,True
jazz.00025.2.wav,jazz,jazz,True
jazz.00025.3.wav,jazz,jazz,True
jazz.00025.4.wav,jazz,jazz,True
jazz.00025.5.wav,jazz,jazz,True
jazz.00025.6.wav,jazz,jazz,True
jazz.00025.7.wav,jazz,blues,False
jazz.00025.8.wav,jazz,blues,False
jazz.00025.9.wav,jazz,classical,False
jazz.00029.0.wav,jazz,jazz,True
jazz.00029.1.wav,jazz,jazz,True
jazz.00029.2.wav,jazz,jazz,True
jazz.00029.3.wav,jazz,jazz,True
jazz.00029.4.wav,jazz,jazz,True
jazz.00029.5.wav,jazz,jazz,True
jazz.00029.6.wav,jazz,jazz,True
jazz.00029.7.wav,jazz,jazz,True
jazz.00029.8.wav,jazz,jazz,True
jazz.00029.9.wav,jazz,jazz,True
jazz.00031.0.wav,jazz,jazz,True
jazz.00031.1.wav,jazz,jazz,True
jazz.00031.2.wav,jazz,jazz,True
jazz.00031.3.wav,jazz,jazz,True
jazz.00031.4.wav,jazz,jazz,True
jazz.00031.5.wav,jazz,jazz,True
jazz.00031.6.wav,jazz,jazz,True
jazz.00031.7.wav,jazz,classical,False
jazz.00031.8.wav,jazz,jazz,True
jazz.00031.9.wav,jazz,jazz,True
jazz.00035.0.wav,jazz,jazz,True
jazz.00035.1.wav,jazz,jazz,True
jazz.00035.2.wav,jazz,jazz,True
jazz.00035.3.wav,jazz,jazz,True
jazz.00035.4.wav,jazz,jazz,True
jazz.00035.5.wav,jazz,jazz,True
jazz.00035.6.wav,jazz,jazz,True
jazz.00035.7.wav,jazz,jazz,True
jazz.00035.8.wav,jazz,jazz,True
jazz.00035.9.wav,jazz,jazz,True
jazz.00038.0.wav,jazz,blues,False
jazz.00038.1.wav,jazz,blues,False
jazz.00038.2.wav,jazz,jazz,True
jazz.00038.3.wav,jazz,jazz,True
jazz.00038.4.wav,jazz,jazz,True
jazz.00038.5.wav,jazz,blues,False
jazz.00038.6.wav,jazz,blues,False
jazz.00038.7.wav,jazz,jazz,True
jazz.00038.8.wav,jazz,blues,False
jazz.00038.9.wav,jazz,jazz,True
jazz.00041.0.wav,jazz,jazz,True
jazz.00041.1.wav,jazz,jazz,True
jazz.00041.2.wav,jazz,jazz,True
jazz.00041.3.wav,jazz,jazz,True
jazz.00041.4.wav,jazz,jazz,True
jazz.00041.5.wav,jazz,blues,False
jazz.00041.6.wav,jazz,jazz,True
jazz.00041.7.wav,jazz,jazz,True
jazz.00041.8.wav,jazz,jazz,True
jazz.00041.9.wav,jazz,jazz,True
jazz.00044.0.wav,jazz,reggae,False
jazz.00044.1.wav,jazz,jazz,True
jazz.00044.2.wav,jazz,jazz,True
jazz.00044.3.wav,jazz,jazz,True
jazz.00044.4.wav,jazz,jazz,True
jazz.00044.5.wav,jazz,jazz,True
jazz.00044.6.wav,jazz,jazz,True
jazz.00044.7.wav,jazz,jazz,True
jazz.00044.8.wav,jazz,jazz,True
jazz.00044.9.wav,jazz,disco,False
jazz.00045.0.wav,jazz,jazz,True
jazz.00045.1.wav,jazz,jazz,True
jazz.00045.2.wav,jazz,jazz,True
jazz.00045.3.wav,jazz,jazz,True
jazz.00045.4.wav,jazz,jazz,True
jazz.00045.5.wav,jazz,jazz,True
jazz.00045.6.wav,jazz,jazz,True
jazz.00045.7.wav,jazz,jazz,True
jazz.00045.8.wav,jazz,jazz,True
jazz.00045.9.wav,jazz,jazz,True
jazz.00048.0.wav,jazz,jazz,True
jazz.00048.1.wav,jazz,jazz,True
jazz.00048.2.wav,jazz,rock,False
jazz.00048.3.wav,jazz,jazz,True
jazz.00048.4.wav,jazz,jazz,True
jazz.00048.5.wav,jazz,jazz,True
jazz.00048.6.wav,jazz,classical,False
jazz.00048.7.wav,jazz,jazz,True
jazz.00048.8.wav,jazz,jazz,True
jazz.00048.9.wav,jazz,classical,False
jazz.00050.0.wav,jazz,disco,False
jazz.00050.1.wav,jazz,disco,False
jazz.00050.2.wav,jazz,disco,False
jazz.00050.3.wav,jazz,disco,False
jazz.00050.4.wav,jazz,disco,False
jazz.00050.5.wav,jazz,country,False
jazz.00050.6.wav,jazz,country,False
jazz.00050.7.wav,jazz,country,False
jazz.00050.8.wav,jazz,disco,False
jazz.00050.9.wav,jazz,jazz,True
jazz.00060.0.wav,jazz,jazz,True
jazz.00060.1.wav,jazz,jazz,True
jazz.00060.2.wav,jazz,jazz,True
jazz.00060.3.wav,jazz,jazz,True
jazz.00060.4.wav,jazz,jazz,True
jazz.00060.5.wav,jazz,jazz,True
jazz.00060.6.wav,jazz,jazz,True
jazz.00060.7.wav,jazz,jazz,True
jazz.00060.8.wav,jazz,jazz,True
jazz.00060.9.wav,jazz,jazz,True
jazz.00063.0.wav,jazz,jazz,True
jazz.00063.1.wav,jazz,jazz,True
jazz.00063.2.wav,jazz,jazz,True
jazz.00063.3.wav,jazz,jazz,True
jazz.00063.4.wav,jazz,jazz,True
jazz.00063.5.wav,jazz,jazz,True
jazz.00063.6.wav,jazz,jazz,True
jazz.00063.7.wav,jazz,disco,False
jazz.00063.8.wav,jazz,disco,False
jazz.00063.9.wav,jazz,jazz,True
jazz.00064.0.wav,jazz,jazz,True
jazz.00064.1.wav,jazz,jazz,True
jazz.00064.2.wav,jazz,jazz,True
jazz.00064.3.wav,jazz,jazz,True
jazz.00064.4.wav,jazz,jazz,True
jazz.00064.5.wav,jazz,classical,False
jazz.00064.6.wav,jazz,jazz,True
jazz.00064.7.wav,jazz,classical,False
jazz.00064.8.wav,jazz,classical,False
jazz.00064.9.wav,jazz,jazz,True
jazz.00078.0.wav,jazz,jazz,True
jazz.00078.1.wav,jazz,country,False
jazz.00078.2.wav,jazz,jazz,True
jazz.00078.3.wav,jazz,jazz,True
jazz.00078.4.wav,jazz,jazz,True
jazz.00078.5.wav,jazz,jazz,True
jazz.00078.6.wav,jazz,jazz,True
jazz.00078.7.wav,jazz,jazz,True
jazz.00078.8.wav,jazz,country,False
jazz.00078.9.wav,jazz,jazz,True
jazz.00081.0.wav,jazz,country,False
jazz.00081.1.wav,jazz,jazz,True
jazz.00081.2.wav,jazz,jazz,True
jazz.00081.3.wav,jazz,jazz,True
jazz.00081.4.wav,jazz,jazz,True
jazz.00081.5.wav,jazz,country,False
jazz.00081.6.wav,jazz,jazz,True
jazz.00081.7.wav,jazz,jazz,True
jazz.00081.8.wav,jazz,country,False
jazz.00081.9.wav,jazz,country,False
jazz.00084.0.wav,jazz,jazz,True
jazz.00084.1.wav,jazz,jazz,True
jazz.00084.2.wav,jazz,jazz,True
jazz.00084.3.wav,jazz,jazz,True
jazz.00084.4.wav,jazz,jazz,True
jazz.00084.5.wav,jazz,jazz,True
jazz.00084.6.wav,jazz,jazz,True
jazz.00084.7.wav,jazz,jazz,True
jazz.00084.8.wav,jazz,jazz,True
jazz.00084.9.wav,jazz,jazz,True
jazz.00087.0.wav,jazz,jazz,True
jazz.00087.1.wav,jazz,jazz,True
jazz.00087.2.wav,jazz,hiphop,False
jazz.00087.3.wav,jazz,hiphop,False
jazz.00087.4.wav,jazz,hiphop,False
jazz.00087.5.wav,jazz,jazz,True
jazz.00087.6.wav,jazz,pop,False
jazz.00087.7.wav,jazz,hiphop,False
jazz.00087.8.wav,jazz,hiphop,False
jazz.00087.9.wav,jazz,jazz,True
jazz.00089.0.wav,jazz,jazz,True
jazz.00089.1.wav,jazz,jazz,True
jazz.00089.2.wav,jazz,jazz,True
jazz.00089.3.wav,jazz,jazz,True
jazz.00089.4.wav,jazz,jazz,True
jazz.00089.5.wav,jazz,jazz,True
jazz.00089.6.wav,jazz,jazz,True
jazz.00089.7.wav,jazz,jazz,True
jazz.00089.8.wav,jazz,jazz,True
jazz.00089.9.wav,jazz,jazz,True
jazz.00090.0.wav,jazz,jazz,True
jazz.00090.1.wav,jazz,country,False
jazz.00090.2.wav,jazz,jazz,True
jazz.00090.3.wav,jazz,jazz,True
jazz.00090.4.wav,jazz,jazz,True
jazz.00090.5.wav,jazz,jazz,True
jazz.00090.6.wav,jazz,jazz,True
jazz.00090.7.wav,jazz,jazz,True
jazz.00090.8.wav,jazz,country,False
jazz.00090.9.wav,jazz,country,False
jazz.00096.0.wav,jazz,jazz,True
jazz.00096.1.wav,jazz,jazz,True
jazz.00096.2.wav,jazz,jazz,True
jazz.00096.3.wav,jazz,jazz,True
jazz.00096.4.wav,jazz,jazz,True
jazz.00096.5.wav,jazz,reggae,False
jazz.00096.6.wav,jazz,jazz,True
jazz.00096.7.wav,jazz,jazz,True
jazz.00096.8.wav,jazz,jazz,True
jazz.00096.9.wav,jazz,jazz,True
metal.00001.0.wav,metal,metal,True
metal.00001.1.wav,metal,metal,True
metal.00001.2.wav,metal,metal,True
metal.00001.3.wav,metal,metal,True
metal.00001.4.wav,metal,metal,True
metal.00001.5.wav,metal,jazz,False
metal.00001.6.wav,metal,metal,True
metal.00001.7.wav,metal,metal,True
metal.00001.8.wav,metal,metal,True
metal.00001.9.wav,metal,metal,True
metal.00009.0.wav,metal,metal,True
metal.00009.1.wav,metal,metal,True
metal.00009.2.wav,metal,metal,True
metal.00009.3.wav,metal,metal,True
metal.00009.4.wav,metal,metal,True
metal.00009.5.wav,metal,metal,True
metal.00009.6.wav,metal,metal,True
metal.00009.7.wav,metal,metal,True
metal.00009.8.wav,metal,metal,True
metal.00009.9.wav,metal,metal,True
metal.00011.0.wav,metal,metal,True
metal.00011.1.wav,metal,metal,True
metal.00011.2.wav,metal,metal,True
metal.00011.3.wav,metal,metal,True
metal.00011.4.wav,metal,metal,True
metal.00011.5.wav,metal,metal,True
metal.00011.6.wav,metal,metal,True
metal.00011.7.wav,metal,metal,True
metal.00011.8.wav,metal,metal,True
metal.00011.9.wav,metal,metal,True
metal.00012.0.wav,metal,metal,True
metal.00012.1.wav,metal,metal,True
metal.00012.2.wav,metal,metal,True
metal.00012.3.wav,metal,metal,True
metal.00012.4.wav,metal,metal,True
metal.00012.5.wav,metal,metal,True
metal.00012.6.wav,metal,metal,True
metal.00012.7.wav,metal,metal,True
metal.00012.8.wav,metal,metal,True
metal.00012.9.wav,metal,metal,True
metal.00019.0.wav,metal,metal,True
metal.00019.1.wav,metal,metal,True
metal.00019.2.wav,metal,metal,True
metal.00019.3.wav,metal,metal,True
metal.00019.4.wav,metal,metal,True
metal.00019.5.wav,metal,metal,True
metal.00019.6.wav,metal,metal,True
metal.00019.7.wav,metal,metal,True
metal.00019.8.wav,metal,metal,True
metal.00019.9.wav,metal,metal,True
metal.00021.0.wav,metal,metal,True
metal.00021.1.wav,metal,metal,True
metal.00021.2.wav,metal,metal,True
metal.00021.3.wav,metal,metal,True
metal.00021.4.wav,metal,metal,True
metal.00021.5.wav,metal,metal,True
metal.00021.6.wav,metal,metal,True
metal.00021.7.wav,metal,metal,True
metal.00021.8.wav,metal,metal,True
metal.00021.9.wav,metal,metal,True
metal.00023.0.wav,metal,metal,True
metal.00023.1.wav,metal,metal,True
metal.00023.2.wav,metal,metal,True
metal.00023.3.wav,metal,metal,True
metal.00023.4.wav,metal,metal,True
metal.00023.5.wav,metal,metal,True
metal.00023.6.wav,metal,metal,True
metal.00023.7.wav,metal,metal,True
metal.00023.8.wav,metal,metal,True
metal.00023.9.wav,metal,metal,True
metal.00027.0.wav,metal,hiphop,False
metal.00027.1.wav,metal,metal,True
metal.00027.2.wav,metal,metal,True
metal.00027.3.wav,metal,metal,True
metal.00027.4.wav,metal,metal,True
metal.00027.5.wav,metal,metal,True
metal.00027.6.wav,metal,metal,True
metal.00027.7.wav,metal,metal,True
metal.00027.8.wav,metal,metal,True
metal.00027.9.wav,metal,metal,True
metal.00031.0.wav,metal,metal,True
metal.00031.1.wav,metal,disco,False
metal.00031.2.wav,metal,metal,True
metal.00031.3.wav,metal,metal,True
metal.00031.4.wav,metal,metal,True
metal.00031.5.wav,metal,country,False
metal.00031.6.wav,metal,metal,True
metal.00031.7.wav,metal,metal,True
metal.00031.8.wav,metal,metal,True
metal.00031.9.wav,metal,metal,True
metal.00038.0.wav,metal,hiphop,False
metal.00038.1.wav,metal,blues,False
metal.00038.2.wav,metal,jazz,False
metal.00038.3.wav,metal,disco,False
metal.00038.4.wav,metal,blues,False
metal.00038.5.wav,metal,metal,True
metal.00038.6.wav,metal,metal,True
metal.00038.7.wav,metal,blues,False
metal.00038.8.wav,metal,metal,True
metal.00038.9.wav,metal,blues,False
metal.00046.0.wav,metal,metal,True
metal.00046.1.wav,metal,metal,True
metal.00046.2.wav,metal,metal,True
metal.00046.3.wav,metal,metal,True
metal.00046.4.wav,metal,metal,True
metal.00046.5.wav,metal,metal,True
metal.00046.6.wav,metal,metal,True
metal.00046.7.wav,metal,metal,True
metal.00046.8.wav,metal,metal,True
metal.00046.9.wav,metal,metal,True
metal.00047.0.wav,metal,metal,True
metal.00047.1.wav,metal,metal,True
metal.00047.2.wav,metal,metal,True
metal.00047.3.wav,metal,metal,True
metal.00047.4.wav,metal,metal,True
metal.00047.5.wav,metal,metal,True
metal.00047.6.wav,metal,metal,True
metal.00047.7.wav,metal,metal,True
metal.00047.8.wav,metal,metal,True
metal.00047.9.wav,metal,metal,True
metal.00049.0.wav,metal,metal,True
metal.00049.1.wav,metal,metal,True
metal.00049.2.wav,metal,metal,True
metal.00049.3.wav,metal,metal,True
metal.00049.4.wav,metal,metal,True
metal.00049.5.wav,metal,metal,True
metal.00049.6.wav,metal,metal,True
metal.00049.7.wav,metal,metal,True
metal.00049.8.wav,metal,metal,True
metal.00049.9.wav,metal,metal,True
metal.00057.0.wav,metal,metal,True
metal.00057.1.wav,metal,metal,True
metal.00057.2.wav,metal,metal,True
metal.00057.3.wav,metal,metal,True
metal.00057.4.wav,metal,metal,True
metal.00057.5.wav,metal,metal,True
metal.00057.6.wav,metal,metal,True
metal.00057.7.wav,metal,metal,True
metal.00057.8.wav,metal,metal,True
metal.00057.9.wav,metal,metal,True
metal.00073.0.wav,metal,metal,True
metal.00073.1.wav,metal,metal,True
metal.00073.2.wav,metal,metal,True
metal.00073.3.wav,metal,metal,True
metal.00073.4.wav,metal,metal,True
metal.00073.5.wav,metal,metal,True
metal.00073.6.wav,metal,metal,True
metal.00073.7.wav,metal,metal,True
metal.00073.8.wav,metal,metal,True
metal.00073.9.wav,metal,metal,True
metal.00077.0.wav,metal,metal,True
metal.00077.1.wav,metal,metal,True
metal.00077.2.wav,metal,metal,True
metal.00077.3.wav,metal,metal,True
metal.00077.4.wav,metal,metal,True
metal.00077.5.wav,metal,metal,True
metal.00077.6.wav,metal,metal,True
metal.00077.7.wav,metal,metal,True
metal.00077.8.wav,metal,metal,True
metal.00077.9.wav,metal,metal,True
metal.00080.0.wav,metal,hiphop,False
metal.00080.1.wav,metal,hiphop,False
metal.00080.2.wav,metal,disco,False
metal.00080.3.wav,metal,disco,False
metal.00080.4.wav,metal,metal,True
metal.00080.5.wav,metal,hiphop,False
metal.00080.6.wav,metal,hiphop,False
metal.00080.7.wav,metal,hiphop,False
metal.00080.8.wav,metal,metal,True
metal.00080.9.wav,metal,metal,True
metal.00087.0.wav,metal,metal,True
metal.00087.1.wav,metal,metal,True
metal.00087.2.wav,metal,metal,True
metal.00087.3.wav,metal,metal,True
metal.00087.4.wav,metal,metal,True
metal.00087.5.wav,metal,metal,True
metal.00087.6.wav,metal,metal,True
metal.00087.7.wav,metal,metal,True
metal.00087.8.wav,metal,metal,True
metal.00087.9.wav,metal,metal,True
metal.00090.0.wav,metal,rock,False
metal.00090.1.wav,metal,metal,True
metal.00090.2.wav,metal,rock,False
metal.00090.3.wav,metal,rock,False
metal.00090.4.wav,metal,hiphop,False
metal.00090.5.wav,metal,disco,False
metal.00090.6.wav,metal,metal,True
metal.00090.7.wav,metal,hiphop,False
metal.00090.8.wav,metal,hiphop,False
metal.00090.9.wav,metal,hiphop,False
metal.00096.0.wav,metal,hiphop,False
metal.00096.1.wav,metal,hiphop,False
metal.00096.2.wav,metal,metal,True
metal.00096.3.wav,metal,hiphop,False
metal.00096.4.wav,metal,metal,True
metal.00096.5.wav,metal,metal,True
metal.00096.6.wav,metal,metal,True
metal.00096.7.wav,metal,metal,True
metal.00096.8.wav,metal,metal,True
metal.00096.9.wav,metal,metal,True
metal.00098.0.wav,metal,metal,True
metal.00098.1.wav,metal,metal,True
metal.00098.2.wav,metal,metal,True
metal.00098.3.wav,metal,metal,True
metal.00098.4.wav,metal,metal,True
metal.00098.5.wav,metal,metal,True
metal.00098.6.wav,metal,metal,True
metal.00098.7.wav,metal,hiphop,False
metal.00098.8.wav,metal,hiphop,False
metal.00098.9.wav,metal,reggae,False
pop.00006.0.wav,pop,country,False
pop.00006.1.wav,pop,pop,True
pop.00006.2.wav,pop,country,False
pop.00006.3.wav,pop,jazz,False
pop.00006.4.wav,pop,rock,False
pop.00006.5.wav,pop,country,False
pop.00006.6.wav,pop,jazz,False
pop.00006.7.wav,pop,country,False
pop.00006.8.wav,pop,pop,True
pop.00006.9.wav,pop,pop,True
pop.00015.0.wav,pop,pop,True
pop.00015.1.wav,pop,pop,True
pop.00015.2.wav,pop,pop,True
pop.00015.3.wav,pop,pop,True
pop.00015.4.wav,pop,pop,True
pop.00015.5.wav,pop,pop,True
pop.00015.6.wav,pop,pop,True
pop.00015.7.wav,pop,pop,True
pop.00015.8.wav,pop,pop,True
pop.00015.9.wav,pop,pop,True
pop.00017.0.wav,pop,pop,True
pop.00017.1.wav,pop,disco,False
pop.00017.2.wav,pop,disco,False
pop.00017.3.wav,pop,jazz,False
pop.00017.4.wav,pop,disco,False
pop.00017.5.wav,pop,disco,False
pop.00017.6.wav,pop,pop,True
pop.00017.7.wav,pop,pop,True
pop.00017.8.wav,pop,disco,False
pop.00017.9.wav,pop,disco,False
pop.00025.0.wav,pop,pop,True
pop.00025.1.wav,pop,pop,True
pop.00025.2.wav,pop,pop,True
pop.00025.3.wav,pop,pop,True
pop.00025.4.wav,pop,pop,True
pop.00025.5.wav,pop,pop,True
pop.00025.6.wav,pop,pop,True
pop.00025.7.wav,pop,pop,True
pop.00025.8.wav,pop,pop,True
pop.00025.9.wav,pop,pop,True
pop.00027.0.wav,pop,pop,True
pop.00027.1.wav,pop,pop,True
pop.00027.2.wav,pop,pop,True
pop.00027.3.wav,pop,pop,True
pop.00027.4.wav,pop,pop,True
pop.00027.5.wav,pop,pop,True
pop.00027.6.wav,pop,pop,True
pop.00027.7.wav,pop,pop,True
pop.00027.8.wav,pop,pop,True
pop.00027.9.wav,pop,pop,True
pop.00028.0.wav,pop,pop,True
pop.00028.1.wav,pop,pop,True
pop.00028.2.wav,pop,pop,True
pop.00028.3.wav,pop,pop,True
pop.00028.4.wav,pop,pop,True
pop.00028.5.wav,pop,pop,True
pop.00028.6.wav,pop,pop,True
pop.00028.7.wav,pop,pop,True
pop.00028.8.wav,pop,pop,True
pop.00028.9.wav,pop,pop,True
pop.00033.0.wav,pop,disco,False
pop.00033.1.wav,pop,disco,False
pop.00033.2.wav,pop,hiphop,False
pop.00033.3.wav,pop,pop,True
pop.00033.4.wav,pop,rock,False
pop.00033.5.wav,pop,disco,False
pop.00033.6.wav,pop,pop,True
pop.00033.7.wav,pop,rock,False
pop.00033.8.wav,pop,disco,False
pop.00033.9.wav,pop,disco,False
pop.00035.0.wav,pop,pop,True
pop.00035.1.wav,pop,pop,True
pop.00035.2.wav,pop,pop,True
pop.00035.3.wav,pop,pop,True
pop.00035.4.wav,pop,pop,True
pop.00035.5.wav,pop,pop,True
pop.00035.6.wav,pop,pop,True
pop.00035.7.wav,pop,pop,True
pop.00035.8.wav,pop,pop,True
pop.00035.9.wav,pop,pop,True
pop.00037.0.wav,pop,pop,True
pop.00037.1.wav,pop,pop,True
pop.00037.2.wav,pop,pop,True
pop.00037.3.wav,pop,pop,True
pop.00037.4.wav,pop,pop,True
pop.00037.5.wav,pop,pop,True
pop.00037.6.wav,pop,pop,True
pop.00037.7.wav,pop,pop,True
pop.00037.8.wav,pop,pop,True
pop.00037.9.wav,pop,hiphop,False
pop.00041.0.wav,pop,blues,False
pop.00041.1.wav,pop,country,False
pop.00041.2.wav,pop,rock,False
pop.00041.3.wav,pop,reggae,False
pop.00041.4.wav,pop,reggae,False
pop.00041.5.wav,pop,reggae,False
pop.00041.6.wav,pop,country,False
pop.00041.7.wav,pop,blues,False
pop.00041.8.wav,pop,jazz,False
pop.00041.9.wav,pop,reggae,False
pop.00044.0.wav,pop,pop,True
pop.00044.1.wav,pop,pop,True
pop.00044.2.wav,pop,pop,True
pop.00044.3.wav,pop,pop,True
pop.00044.4.wav,pop,pop,True
pop.00044.5.wav,pop,pop,True
pop.00044.6.wav,pop,pop,True
pop.00044.7.wav,pop,pop,True
pop.00044.8.wav,pop,pop,True
pop.00044.9.wav,pop,pop,True
pop.00062.0.wav,pop,pop,True
pop.00062.1.wav,pop,pop,True
pop.00062.2.wav,pop,pop,True
pop.00062.3.wav,pop,pop,True
pop.00062.4.wav,pop,pop,True
pop.00062.5.wav,pop,pop,True
pop.00062.6.wav,pop,pop,True
pop.00062.7.wav,pop,pop,True
pop.00062.8.wav,pop,pop,True
pop.00062.9.wav,pop,reggae,False
pop.00064.0.wav,pop,pop,True
pop.00064.1.wav,pop,disco,False
pop.00064.2.wav,pop,disco,False
pop.00064.3.wav,pop,disco,False
pop.00064.4.wav,pop,disco,False
pop.00064.5.wav,pop,disco,False
pop.00064.6.wav,pop,disco,False
pop.00064.7.wav,pop,pop,True
pop.00064.8.wav,pop,pop,True
pop.00064.9.wav,pop,pop,True
pop.00080.0.wav,pop,pop,True
pop.00080.1.wav,pop,pop,True
pop.00080.2.wav,pop,pop,True
pop.00080.3.wav,pop,pop,True
pop.00080.4.wav,pop,pop,True
pop.00080.5.wav,pop,pop,True
pop.00080.6.wav,pop,pop,True
pop.00080.7.wav,pop,reggae,False
pop.00080.8.wav,pop,pop,True
pop.00080.9.wav,pop,pop,True
pop.00082.0.wav,pop,pop,True
pop.00082.1.wav,pop,pop,True
pop.00082.2.wav,pop,pop,True
pop.00082.3.wav,pop,pop,True
pop.00082.4.wav,pop,pop,True
pop.00082.5.wav,pop,pop,True
pop.00082.6.wav,pop,pop,True
pop.00082.7.wav,pop,pop,True
pop.00082.8.wav,pop,pop,True
pop.00082.9.wav,pop,pop,True
pop.00084.0.wav,pop,pop,True
pop.00084.1.wav,pop,pop,True
pop.00084.2.wav,pop,pop,True
pop.00084.3.wav,pop,pop,True
pop.00084.4.wav,pop,pop,True
pop.00084.5.wav,pop,pop,True
pop.00084.6.wav,pop,reggae,False
pop.00084.7.wav,pop,reggae,False
pop.00084.8.wav,pop,reggae,False
pop.00084.9.wav,pop,pop,True
pop.00090.0.wav,pop,pop,True
pop.00090.1.wav,pop,pop,True
pop.00090.2.wav,pop,pop,True
pop.00090.3.wav,pop,pop,True
pop.00090.4.wav,pop,pop,True
pop.00090.5.wav,pop,pop,True
pop.00090.6.wav,pop,pop,True
pop.00090.7.wav,pop,pop,True
pop.00090.8.wav,pop,pop,True
pop.00090.9.wav,pop,pop,True
pop.00092.0.wav,pop,hiphop,False
pop.00092.1.wav,pop,pop,True
pop.00092.2.wav,pop,pop,True
pop.00092.3.wav,pop,pop,True
pop.00092.4.wav,pop,pop,True
pop.00092.5.wav,pop,pop,True
pop.00092.6.wav,pop,pop,True
pop.00092.7.wav,pop,pop,True
pop.00092.8.wav,pop,pop,True
pop.00092.9.wav,pop,hiphop,False
reggae.00006.0.wav,reggae,blues,False
reggae.00006.1.wav,reggae,blues,False
reggae.00006.2.wav,reggae,reggae,True
reggae.00006.3.wav,reggae,blues,False
reggae.00006.4.wav,reggae,reggae,True
reggae.00006.5.wav,reggae,blues,False
reggae.00006.6.wav,reggae,reggae,True
reggae.00006.7.wav,reggae,reggae,True
reggae.00006.8.wav,reggae,reggae,True
reggae.00006.9.wav,reggae,blues,False
reggae.00011.0.wav,reggae,reggae,True
reggae.00011.1.wav,reggae,reggae,True
reggae.00011.2.wav,reggae,disco,False
reggae.00011.3.wav,reggae,reggae,True
reggae.00011.4.wav,reggae,disco,False
reggae.00011.5.wav,reggae,disco,False
reggae.00011.6.wav,reggae,disco,False
reggae.00011.7.wav,reggae,disco,False
reggae.00011.8.wav,reggae,disco,False
reggae.00011.9.wav,reggae,disco,False
reggae.00012.0.wav,reggae,reggae,True
reggae.00012.1.wav,reggae,reggae,True
reggae.00012.2.wav,reggae,reggae,True
reggae.00012.3.wav,reggae,reggae,True
reggae.00012.4.wav,reggae,reggae,True
reggae.00012.5.wav,reggae,reggae,True
reggae.00012.6.wav,reggae,reggae,True
reggae.00012.7.wav,reggae,reggae,True
reggae.00012.8.wav,reggae,reggae,True
reggae.00012.9.wav,reggae,reggae,True
reggae.00021.0.wav,reggae,rock,False
reggae.00021.1.wav,reggae,metal,False
reggae.00021.2.wav,reggae,rock,False
reggae.00021.3.wav,reggae,metal,False
reggae.00021.4.wav,reggae,metal,False
reggae.00021.5.wav,reggae,metal,False
reggae.00021.6.wav,reggae,rock,False
reggae.00021.7.wav,reggae,metal,False
reggae.00021.8.wav,reggae,blues,False
reggae.00021.9.wav,reggae,metal,False
reggae.00024.0.wav,reggae,reggae,True
reggae.00024.1.wav,reggae,reggae,True
reggae.00024.2.wav,reggae,blues,False
reggae.00024.3.wav,reggae,reggae,True
reggae.00024.4.wav,reggae,reggae,True
reggae.00024.5.wav,reggae,reggae,True
reggae.00024.6.wav,reggae,blues,False
reggae.00024.7.wav,reggae,reggae,True
reggae.00024.8.wav,reggae,reggae,True
reggae.00024.9.wav,reggae,reggae,True
reggae.00025.0.wav,reggae,reggae,True
reggae.00025.1.wav,reggae,reggae,True
reggae.00025.2.wav,reggae,reggae,True
reggae.00025.3.wav,reggae,reggae,True
reggae.00025.4.wav,reggae,rock,False
reggae.00025.5.wav,reggae,reggae,True
reggae.00025.6.wav,reggae,reggae,True
reggae.00025.7.wav,reggae,reggae,True
reggae.00025.8.wav,reggae,reggae,True
reggae.00025.9.wav,reggae,reggae,True
reggae.00026.0.wav,reggae,reggae,True
reggae.00026.1.wav,reggae,reggae,True
reggae.00026.2.wav,reggae,reggae,True
reggae.00026.3.wav,reggae,reggae,True
reggae.00026.4.wav,reggae,reggae,True
reggae.00026.5.wav,reggae,reggae,True
reggae.00026.6.wav,reggae,reggae,True
reggae.00026.7.wav,reggae,reggae,True
reggae.00026.8.wav,reggae,reggae,True
reggae.00026.9.wav,reggae,reggae,True
reggae.00027.0.wav,reggae,reggae,True
reggae.00027.1.wav,reggae,reggae,True
reggae.00027.2.wav,reggae,disco,False
reggae.00027.3.wav,reggae,reggae,True
reggae.00027.4.wav,reggae,reggae,True
reggae.00027.5.wav,reggae,reggae,True
reggae.00027.6.wav,reggae,reggae,True
reggae.00027.7.wav,reggae,reggae,True
reggae.00027.8.wav,reggae,reggae,True
reggae.00027.9.wav,reggae,reggae,True
reggae.00028.0.wav,reggae,reggae,True
reggae.00028.1.wav,reggae,reggae,True
reggae.00028.2.wav,reggae,reggae,True
reggae.00028.3.wav,reggae,reggae,True
reggae.00028.4.wav,reggae,reggae,True
reggae.00028.5.wav,reggae,reggae,True
reggae.00028.6.wav,reggae,reggae,True
reggae.00028.7.wav,reggae,reggae,True
reggae.00028.8.wav,reggae,reggae,True
reggae.00028.9.wav,reggae,reggae,True
reggae.00038.0.wav,reggae,reggae,True
reggae.00038.1.wav,reggae,reggae,True
reggae.00038.2.wav,reggae,reggae,True
reggae.00038.3.wav,reggae,country,False
reggae.00038.4.wav,reggae,reggae,True
reggae.00038.5.wav,reggae,reggae,True
reggae.00038.6.wav,reggae,reggae,True
reggae.00038.7.wav,reggae,reggae,True
reggae.00038.8.wav,reggae,reggae,True
reggae.00038.9.wav,reggae,hiphop,False
reggae.00050.0.wav,reggae,reggae,True
reggae.00050.1.wav,reggae,reggae,True
reggae.00050.2.wav,reggae,reggae,True
reggae.00050.3.wav,reggae,reggae,True
reggae.00050.4.wav,reggae,reggae,True
reggae.00050.5.wav,reggae,reggae,True
reggae.00050.6.wav,reggae,reggae,True
reggae.00050.7.wav,reggae,reggae,True
reggae.00050.8.wav,reggae,reggae,True
reggae.00050.9.wav,reggae,reggae,True
reggae.00052.0.wav,reggae,pop,False
reggae.00052.1.wav,reggae,reggae,True
reggae.00052.2.wav,reggae,pop,False
reggae.00052.3.wav,reggae,reggae,True
reggae.00052.4.wav,reggae,reggae,True
reggae.00052.5.wav,reggae,reggae,True
reggae.00052.6.wav,reggae,reggae,True
reggae.00052.7.wav,reggae,reggae,True
reggae.00052.8.wav,reggae,reggae,True
reggae.00052.9.wav,reggae,hiphop,False
reggae.00062.0.wav,reggae,reggae,True
reggae.00062.1.wav,reggae,reggae,True
reggae.00062.2.wav,reggae,reggae,True
reggae.00062.3.wav,reggae,reggae,True
reggae.00062.4.wav,reggae,reggae,True
reggae.00062.5.wav,reggae,reggae,True
reggae.00062.6.wav,reggae,reggae,True
reggae.00062.7.wav,reggae,reggae,True
reggae.00062.8.wav,reggae,reggae,True
reggae.00062.9.wav,reggae,reggae,True
reggae.00067.0.wav,reggae,pop,False
reggae.00067.1.wav,reggae,pop,False
reggae.00067.2.wav,reggae,country,False
reggae.00067.3.wav,reggae,reggae,True
reggae.00067.4.wav,reggae,country,False
reggae.00067.5.wav,reggae,pop,False
reggae.00067.6.wav,reggae,country,False
reggae.00067.7.wav,reggae,pop,False
reggae.00067.8.wav,reggae,pop,False
reggae.00067.9.wav,reggae,pop,False
reggae.00078.0.wav,reggae,reggae,True
reggae.00078.1.wav,reggae,reggae,True
reggae.00078.2.wav,reggae,reggae,True
reggae.00078.3.wav,reggae,reggae,True
reggae.00078.4.wav,reggae,reggae,True
reggae.00078.5.wav,reggae,reggae,True
reggae.00078.6.wav,reggae,reggae,True
reggae.00078.7.wav,reggae,reggae,True
reggae.00078.8.wav,reggae,reggae,True
reggae.00078.9.wav,reggae,reggae,True
reggae.00080.0.wav,reggae,hiphop,False
reggae.00080.1.wav,reggae,hiphop,False
reggae.00080.2.wav,reggae,hiphop,False
reggae.00080.3.wav,reggae,reggae,True
reggae.00080.4.wav,reggae,pop,False
reggae.00080.5.wav,reggae,hiphop,False
reggae.00080.6.wav,reggae,hiphop,False
reggae.00080.7.wav,reggae,hiphop,False
reggae.00080.8.wav,reggae,hiphop,False
reggae.00080.9.wav,reggae,hiphop,False
reggae.00084.0.wav,reggae,reggae,True
reggae.00084.1.wav,reggae,reggae,True
reggae.00084.2.wav,reggae,reggae,True
reggae.00084.3.wav,reggae,reggae,True
reggae.00084.4.wav,reggae,reggae,True
reggae.00084.5.wav,reggae,jazz,False
reggae.00084.6.wav,reggae,reggae,True
reggae.00084.7.wav,reggae,reggae,True
reggae.00084.8.wav,reggae,reggae,True
reggae.00084.9.wav,reggae,reggae,True
reggae.00094.0.wav,reggae,rock,False
reggae.00094.1.wav,reggae,country,False
reggae.00094.2.wav,reggae,rock,False
reggae.00094.3.wav,reggae,country,False
reggae.00094.4.wav,reggae,country,False
reggae.00094.5.wav,reggae,rock,False
reggae.00094.6.wav,reggae,country,False
reggae.00094.7.wav,reggae,rock,False
reggae.00094.8.wav,reggae,rock,False
reggae.00094.9.wav,reggae,country,False
reggae.00099.0.wav,reggae,metal,False
reggae.00099.1.wav,reggae,metal,False
reggae.00099.2.wav,reggae,rock,False
reggae.00099.3.wav,reggae,metal,False
reggae.00099.4.wav,reggae,metal,False
reggae.00099.5.wav,reggae,metal,False
reggae.00099.6.wav,reggae,metal,False
reggae.00099.7.wav,reggae,metal,False
reggae.00099.8.wav,reggae,metal,False
reggae.00099.9.wav,reggae,metal,False
rock.00004.0.wav,rock,rock,True
rock.00004.1.wav,rock,blues,False
rock.00004.2.wav,rock,blues,False
rock.00004.3.wav,rock,blues,False
rock.00004.4.wav,rock,blues,False
rock.00004.5.wav,rock,rock,True
rock.00004.6.wav,rock,rock,True
rock.00004.7.wav,rock,rock,True
rock.00004.8.wav,rock,rock,True
rock.00004.9.wav,rock,rock,True
rock.00010.0.wav,rock,disco,False
rock.00010.1.wav,rock,rock,True
rock.00010.2.wav,rock,rock,True
rock.00010.3.wav,rock,blues,False
rock.00010.4.wav,rock,blues,False
rock.00010.5.wav,rock,disco,False
rock.00010.6.wav,rock,blues,False
rock.00010.7.wav,rock,blues,False
rock.00010.8.wav,rock,blues,False
rock.00010.9.wav,rock,blues,False
rock.00017.0.wav,rock,rock,True
rock.00017.1.wav,rock,rock,True
rock.00017.2.wav,rock,rock,True
rock.00017.3.wav,rock,rock,True
rock.00017.4.wav,rock,metal,False
rock.00017.5.wav,rock,rock,True
rock.00017.6.wav,rock,metal,False
rock.00017.7.wav,rock,metal,False
rock.00017.8.wav,rock,metal,False
rock.00017.9.wav,rock,metal,False
rock.00023.0.wav,rock,rock,True
rock.00023.1.wav,rock,rock,True
rock.00023.2.wav,rock,rock,True
rock.00023.3.wav,rock,rock,True
rock.00023.4.wav,rock,rock,True
rock.00023.5.wav,rock,rock,True
rock.00023.6.wav,rock,rock,True
rock.00023.7.wav,rock,country,False
rock.00023.8.wav,rock,country,False
rock.00023.9.wav,rock,jazz,False
rock.00026.0.wav,rock,rock,True
rock.00026.1.wav,rock,rock,True
rock.00026.2.wav,rock,rock,True
rock.00026.3.wav,rock,rock,True
rock.00026.4.wav,rock,rock,True
rock.00026.5.wav,rock,rock,True
rock.00026.6.wav,rock,rock,True
rock.00026.7.wav,rock,rock,True
rock.00026.8.wav,rock,rock,True
rock.00026.9.wav,rock,rock,True
rock.00030.0.wav,rock,reggae,False
rock.00030.1.wav,rock,disco,False
rock.00030.2.wav,rock,reggae,False
rock.00030.3.wav,rock,disco,False
rock.00030.4.wav,rock,jazz,False
rock.00030.5.wav,rock,disco,False
rock.00030.6.wav,rock,disco,False
rock.00030.7.wav,rock,rock,True
rock.00030.8.wav,rock,jazz,False
rock.00030.9.wav,rock,disco,False
rock.00036.0.wav,rock,disco,False
rock.00036.1.wav,rock,disco,False
rock.00036.2.wav,rock,disco,False
rock.00036.3.wav,rock,country,False
rock.00036.4.wav,rock,country,False
rock.00036.5.wav,rock,rock,True
rock.00036.6.wav,rock,disco,False
rock.00036.7.wav,rock,rock,True
rock.00036.8.wav,rock,rock,True
rock.00036.9.wav,rock,country,False
rock.00039.0.wav,rock,rock,True
rock.00039.1.wav,rock,rock,True
rock.00039.2.wav,rock,country,False
rock.00039.3.wav,rock,country,False
rock.00039.4.wav,rock,rock,True
rock.00039.5.wav,rock,rock,True
rock.00039.6.wav,rock,rock,True
rock.00039.7.wav,rock,pop,False
rock.00039.8.wav,rock,rock,True
rock.00039.9.wav,rock,pop,False
rock.00042.0.wav,rock,disco,False
rock.00042.1.wav,rock,rock,True
rock.00042.2.wav,rock,pop,False
rock.00042.3.wav,rock,disco,False
rock.00042.4.wav,rock,rock,True
rock.00042.5.wav,rock,rock,True
rock.00042.6.wav,rock,rock,True
rock.00042.7.wav,rock,disco,False
rock.00042.8.wav,rock,rock,True
rock.00042.9.wav,rock,reggae,False
rock.00047.0.wav,rock,disco,False
rock.00047.1.wav,rock,disco,False
rock.00047.2.wav,rock,rock,True
rock.00047.3.wav,rock,reggae,False
rock.00047.4.wav,rock,reggae,False
rock.00047.5.wav,rock,reggae,False
rock.00047.6.wav,rock,reggae,False
rock.00047.7.wav,rock,hiphop,False
rock.00047.8.wav,rock,disco,False
rock.00047.9.wav,rock,rock,True
rock.00049.0.wav,rock,jazz,False
rock.00049.1.wav,rock,country,False
rock.00049.2.wav,rock,country,False
rock.00049.3.wav,rock,country,False
rock.00049.4.wav,rock,disco,False
rock.00049.5.wav,rock,pop,False
rock.00049.6.wav,rock,pop,False
rock.00049.7.wav,rock,rock,True
rock.00049.8.wav,rock,rock,True
rock.00049.9.wav,rock,country,False
rock.00050.0.wav,rock,pop,False
rock.00050.1.wav,rock,rock,True
rock.00050.2.wav,rock,pop,False
rock.00050.3.wav,rock,rock,True
rock.00050.4.wav,rock,rock,True
rock.00050.5.wav,rock,rock,True
rock.00050.6.wav,rock,pop,False
rock.00050.7.wav,rock,pop,False
rock.00050.8.wav,rock,rock,True
rock.00050.9.wav,rock,rock,True
rock.00051.0.wav,rock,rock,True
rock.00051.1.wav,rock,pop,False
rock.00051.2.wav,rock,reggae,False
rock.00051.3.wav,rock,pop,False
rock.00051.4.wav,rock,pop,False
rock.00051.5.wav,rock,pop,False
rock.00051.6.wav,rock,pop,False
rock.00051.7.wav,rock,pop,False
rock.00051.8.wav,rock,hiphop,False
rock.00051.9.wav,rock,pop,False
rock.00057.0.wav,rock,rock,True
rock.00057.1.wav,rock,rock,True
rock.00057.2.wav,rock,rock,True
rock.00057.3.wav,rock,rock,True
rock.00057.4.wav,rock,rock,True
rock.00057.5.wav,rock,rock,True
rock.00057.6.wav,rock,rock,True
rock.00057.7.wav,rock,jazz,False
rock.00057.8.wav,rock,rock,True
rock.00057.9.wav,rock,rock,True
rock.00064.0.wav,rock,rock,True
rock.00064.1.wav,rock,rock,True
rock.00064.2.wav,rock,rock,True
rock.00064.3.wav,rock,rock,True
rock.00064.4.wav,rock,rock,True
rock.00064.5.wav,rock,rock,True
rock.00064.6.wav,rock,rock,True
rock.00064.7.wav,rock,rock,True
rock.00064.8.wav,rock,rock,True
rock.00064.9.wav,rock,rock,True
rock.00074.0.wav,rock,rock,True
rock.00074.1.wav,rock,metal,False
rock.00074.2.wav,rock,blues,False
rock.00074.3.wav,rock,blues,False
rock.00074.4.wav,rock,rock,True
rock.00074.5.wav,rock,rock,True
rock.00074.6.wav,rock,blues,False
rock.00074.7.wav,rock,country,False
rock.00074.8.wav,rock,blues,False
rock.00074.9.wav,rock,blues,False
rock.00078.0.wav,rock,rock,True
rock.00078.1.wav,rock,rock,True
rock.00078.2.wav,rock,rock,True
rock.00078.3.wav,rock,rock,True
rock.00078.4.wav,rock,blues,False
rock.00078.5.wav,rock,blues,False
rock.00078.6.wav,rock,rock,True
rock.00078.7.wav,rock,blues,False
rock.00078.8.wav,rock,rock,True
rock.00078.9.wav,rock,rock,True
rock.00085.0.wav,rock,rock,True
rock.00085.1.wav,rock,classical,False
rock.00085.2.wav,rock,rock,True
rock.00085.3.wav,rock,rock,True
rock.00085.4.wav,rock,rock,True
rock.00085.5.wav,rock,rock,True
rock.00085.6.wav,rock,reggae,False
rock.00085.7.wav,rock,reggae,False
rock.00085.8.wav,rock,reggae,False
rock.00085.9.wav,rock,classical,False
rock.00086.0.wav,rock,metal,False
rock.00086.1.wav,rock,rock,True
rock.00086.2.wav,rock,metal,False
rock.00086.3.wav,rock,metal,False
rock.00086.4.wav,rock,metal,False
rock.00086.5.wav,rock,rock,True
rock.00086.6.wav,rock,rock,True
rock.00086.7.wav,rock,rock,True
rock.00086.8.wav,rock,rock,True
rock.00086.9.wav,rock,rock,True
rock.00094.0.wav,rock,rock,True
rock.00094.1.wav,rock,rock,True
rock.00094.2.wav,rock,rock,True
rock.00094.3.wav,rock,rock,True
rock.00094.4.wav,rock,rock,True
rock.00094.5.wav,rock,rock,True
rock.00094.6.wav,rock,rock,True
rock.00094.7.wav,rock,rock,True
rock.00094.8.wav,rock,rock,True
rock.00094.9.wav,rock,rock,True
rock.00095.0.wav,rock,country,False
rock.00095.1.wav,rock,rock,True
rock.00095.2.wav,rock,rock,True
rock.00095.3.wav,rock,country,False
rock.00095.4.wav,rock,country,False
rock.00095.5.wav,rock,rock,True
rock.00095.6.wav,rock,rock,True
rock.00095.7.wav,rock,rock,True
rock.00095.8.wav,rock,rock,True
rock.00095.9.wav,rock,rock,True
